IMG_20191102_103759.jpg,33665
IMG_20191102_103834.jpg,31102
IMG_20191102_103849.jpg,30875
IMG_20191102_103933.jpg,30893
IMG_20191102_103952.jpg,31014
IMG_20191102_104031.jpg,32372
IMG_20191102_104050.jpg,32500
IMG_20191102_104124.jpg,31063
IMG_20191102_104138.jpg,31074
IMG_20191102_104157.jpg,31731
IMG_20191102_104210.jpg,31601
IMG_20191102_104231.jpg,31789
IMG_20191102_104243.jpg,32693
IMG_20191102_104257.jpg,32301
IMG_20191102_104309.jpg,31790
IMG_20191102_104333.jpg,31804
IMG_20191102_104350.jpg,31803
IMG_20191102_104406.jpg,34290
IMG_20191102_104423.jpg,33556
IMG_20191102_104501.jpg,35245
IMG_20191102_104541.jpg,34372
IMG_20191102_104552.jpg,35271
IMG_20191102_104608.jpg,33254
IMG_20191102_104635.jpg,31445
IMG_20191102_104647.jpg,31454
IMG_20191102_104702.jpg,31810
IMG_20191102_104718.jpg,33316
IMG_20191102_104733.jpg,33274
IMG_20191102_104759.jpg,35488
IMG_20191102_104940.jpg,34222
IMG_20191102_104954.jpg,33634
IMG_20191102_105007.jpg,33491
IMG_20191102_105020.jpg,33276
IMG_20191102_105040.jpg,32558
IMG_20191102_105100.jpg,33277
IMG_20191102_105113.jpg,33673
IMG_20191102_105125.jpg,32542
IMG_20191102_105141.jpg,32592
IMG_20191102_105155.jpg,32912
IMG_20191102_105219.jpg,33253
IMG_20191102_105230.jpg,34157
IMG_20191102_105247.jpg,33263
IMG_20191102_105301.jpg,34041
IMG_20191102_105327.jpg,33971
IMG_20191102_105342.jpg,537982
IMG_20191102_105356.jpg,32404
IMG_20191102_105443.jpg,32976
IMG_20191102_105625.jpg,33697
IMG_20191102_105701.jpg,34078
IMG_20191102_105712.jpg,32189
IMG_20191102_105725.jpg,31449
IMG_20191102_105738.jpg,32183
IMG_20191102_105752.jpg,32061
IMG_20191102_105838.jpg,33507
IMG_20191102_105853.jpg,34993
IMG_20191102_105908.jpg,31405
IMG_20191102_105927.jpg,34215
IMG_20191102_105948.jpg,32679
IMG_20191102_110018.jpg,32566
IMG_20191102_110032.jpg,33685
IMG_20191102_110109.jpg,31437
IMG_20191102_110133.jpg,31228
IMG_20191102_110210.jpg,34487
IMG_20191102_110232.jpg,33707
IMG_20191102_110253.jpg,33764
IMG_20191102_110313.jpg,34050
IMG_20191102_110328.jpg,33700
IMG_20191102_110405.jpg,31704
IMG_20191102_110425.jpg,30846
IMG_20191102_110449.jpg,34489
IMG_20191102_110515.jpg,569519
IMG_20191102_110533.jpg,30845
IMG_20191102_110745.jpg,32901
IMG_20191102_110819.jpg,32670
IMG_20191102_110904.jpg,31440
IMG_20191102_110938.jpg,31323
IMG_20191102_110948.jpg,31035
IMG_20191102_111000.jpg,31426
IMG_20191102_111010.jpg,30873
IMG_20191102_111023.jpg,33560
IMG_20191102_111050.jpg,32816
IMG_20191102_111101.jpg,35585
IMG_20191102_111118.jpg,32728
IMG_20191102_111132.jpg,34738
IMG_20191102_111241.jpg,33325
IMG_20191102_111250.jpg,33329
IMG_20191102_111258.jpg,32936
IMG_20191102_111307.jpg,31801
IMG_20191102_111316.jpg,32707
IMG_20191102_111324.jpg,35489
IMG_20191102_111333.jpg,32705
IMG_20191102_111344.jpg,33316
IMG_20191102_111441.jpg,33348
IMG_20191102_111503.jpg,33515
IMG_20191102_111523.jpg,34335
IMG_20191102_111552.jpg,32734
IMG_20191102_111608.jpg,32968
IMG_20191102_111628.jpg,33684
IMG_20191102_111700.jpg,31124
IMG_20191102_111720.jpg,33496
IMG_20191102_111903.jpg,34645
IMG_20191102_111916.jpg,33620
IMG_20191102_111943.jpg,32423
IMG_20191102_111958.jpg,33577
IMG_20191102_112010.jpg,34173
IMG_20191102_112027.jpg,32429
IMG_20191102_112048.jpg,33311
